{"cameraMode":{"drawMode":0,"name":"Shaded","section":"Shading Mode"},"sceneLighting":true,"audioPlay":false,"sceneViewState":{"m_AlwaysRefresh":false,"showFog":true,"showSkybox":true,"showFlares":true,"showImageEffects":true,"showParticleSystems":true,"showVisualEffectGraphs":true,"m_FxEnabled":true},"in2DMode":false,"pivot":{"x":24.521575927734376,"y":22.747163772583009,"z":-9.658910751342774},"rotation":{"x":0.05209282413125038,"y":-0.6762301325798035,"z":0.04566680267453194,"w":0.7336792349815369},"size":36.12371063232422,"orthographic":false}