{"cameraMode":{"drawMode":0,"name":"Shaded","section":"Shading Mode"},"sceneLighting":true,"audioPlay":false,"sceneViewState":{"m_AlwaysRefresh":false,"showFog":true,"showSkybox":true,"showFlares":true,"showImageEffects":true,"showParticleSystems":true,"showVisualEffectGraphs":true,"m_FxEnabled":true},"in2DMode":false,"pivot":{"x":-0.8805296421051025,"y":3.5792160034179689,"z":26.596637725830079},"rotation":{"x":0.08240724354982376,"y":-0.0023888240102678539,"z":0.00019647237786557525,"w":0.9965994954109192},"size":8.749693870544434,"orthographic":false}